-- phpMyAdmin SQL Dump
-- version 4.5.1
-- http://www.phpmyadmin.net
--
-- Host: 127.0.0.1
-- Generation Time: Jul 05, 2018 at 06:32 PM
-- Server version: 10.1.10-MariaDB
-- PHP Version: 7.0.4

SET SQL_MODE = "NO_AUTO_VALUE_ON_ZERO";
SET time_zone = "+00:00";


/*!40101 SET @OLD_CHARACTER_SET_CLIENT=@@CHARACTER_SET_CLIENT */;
/*!40101 SET @OLD_CHARACTER_SET_RESULTS=@@CHARACTER_SET_RESULTS */;
/*!40101 SET @OLD_COLLATION_CONNECTION=@@COLLATION_CONNECTION */;
/*!40101 SET NAMES utf8mb4 */;

--
-- Database: `disdukcapil`
--

-- --------------------------------------------------------

--
-- Table structure for table `desakelurahan`
--

CREATE TABLE `desakelurahan` (
  `id_desakelurahan` int(11) NOT NULL,
  `id_kecamatanFK` int(11) NOT NULL,
  `nama_desakelurahan` varchar(20) NOT NULL,
  `CreateDtm` datetime NOT NULL DEFAULT CURRENT_TIMESTAMP,
  `UpdateDtm` timestamp NOT NULL DEFAULT '0000-00-00 00:00:00' ON UPDATE CURRENT_TIMESTAMP,
  `Deleted` enum('0','1','','') NOT NULL
) ENGINE=InnoDB DEFAULT CHARSET=latin1;

--
-- Dumping data for table `desakelurahan`
--

INSERT INTO `desakelurahan` (`id_desakelurahan`, `id_kecamatanFK`, `nama_desakelurahan`, `CreateDtm`, `UpdateDtm`, `Deleted`) VALUES
(1, 1, 'Baturan', '2018-04-24 15:19:03', '2018-07-05 00:35:59', '0'),
(2, 1, 'Klodran', '2018-04-24 15:19:03', '0000-00-00 00:00:00', '0'),
(3, 1, 'Gedongan', '2018-04-24 15:19:03', '0000-00-00 00:00:00', '0'),
(4, 1, 'Tohudan', '2018-04-24 15:19:03', '0000-00-00 00:00:00', '0'),
(5, 1, 'Blulukan', '2018-04-24 15:19:03', '0000-00-00 00:00:00', '0'),
(6, 1, 'Gawanan', '2018-04-24 15:19:03', '0000-00-00 00:00:00', '0'),
(7, 1, 'Gajahan', '2018-04-24 15:19:03', '0000-00-00 00:00:00', '0'),
(8, 1, 'Paulan', '2018-04-24 15:19:03', '0000-00-00 00:00:00', '0'),
(9, 1, 'Malangjiwan', '2018-04-24 15:19:03', '0000-00-00 00:00:00', '0'),
(10, 1, 'Bolon', '2018-04-24 15:19:03', '2018-07-05 00:58:18', '0'),
(11, 1, 'Ngasem', '2018-04-24 15:19:03', '2018-07-05 00:35:31', '0'),
(12, 2, 'Plesungan', '2018-04-24 15:19:03', '0000-00-00 00:00:00', '0'),
(13, 2, 'Bulurejo', '2018-04-24 15:19:03', '0000-00-00 00:00:00', '0'),
(14, 2, 'Dayu', '2018-04-24 15:19:03', '0000-00-00 00:00:00', '0'),
(15, 2, 'Jatikuwung', '2018-04-24 15:19:03', '0000-00-00 00:00:00', '0'),
(16, 2, 'Jeruksawit', '2018-04-24 15:19:03', '0000-00-00 00:00:00', '0'),
(17, 2, 'Karangturi', '2018-04-24 15:19:03', '0000-00-00 00:00:00', '0'),
(18, 2, 'Kragan', '2018-04-24 15:19:03', '0000-00-00 00:00:00', '0'),
(19, 2, 'Krendowahono', '2018-04-24 15:19:03', '0000-00-00 00:00:00', '0'),
(20, 2, 'Rejosari', '2018-04-24 15:19:03', '0000-00-00 00:00:00', '0'),
(21, 2, 'Selokaton', '2018-04-24 15:19:03', '0000-00-00 00:00:00', '0'),
(22, 2, 'Tuban', '2018-04-24 15:19:03', '0000-00-00 00:00:00', '0'),
(23, 2, 'Wonorejo', '2018-04-24 15:19:03', '0000-00-00 00:00:00', '0'),
(24, 2, 'Wonosari', '2018-04-24 15:19:03', '0000-00-00 00:00:00', '0'),
(25, 3, 'Brujul', '2018-04-24 15:19:03', '2018-07-05 00:45:59', '0'),
(26, 3, 'Dagen', '2018-04-24 15:19:03', '0000-00-00 00:00:00', '0'),
(27, 3, 'Jaten', '2018-04-24 15:19:03', '0000-00-00 00:00:00', '0'),
(28, 3, 'Jati', '2018-04-24 15:19:03', '0000-00-00 00:00:00', '0'),
(29, 3, 'Jetis', '2018-04-24 15:19:03', '0000-00-00 00:00:00', '0'),
(30, 3, 'Ngingo', '2018-04-24 15:19:03', '0000-00-00 00:00:00', '0'),
(31, 3, 'Sroyo', '2018-04-24 15:19:03', '0000-00-00 00:00:00', '0'),
(32, 3, 'Suruhkalang', '2018-04-24 15:19:03', '0000-00-00 00:00:00', '0'),
(33, 4, 'Jatiharo', '2018-04-24 15:19:03', '0000-00-00 00:00:00', '0'),
(34, 4, 'Jatikuwung', '2018-04-24 15:19:03', '0000-00-00 00:00:00', '0'),
(35, 4, 'Jatimulyo', '2018-04-24 15:19:03', '0000-00-00 00:00:00', '0'),
(36, 4, 'Jatipuro', '2018-04-24 15:19:03', '0000-00-00 00:00:00', '0'),
(37, 4, 'Jatipurwo', '2018-04-24 15:19:03', '0000-00-00 00:00:00', '0'),
(38, 4, 'Jatiroyo', '2018-04-24 15:19:03', '0000-00-00 00:00:00', '0'),
(39, 4, 'Jatisobo', '2018-04-24 15:19:03', '0000-00-00 00:00:00', '0'),
(40, 4, 'Jatisuko', '2018-04-24 15:19:03', '0000-00-00 00:00:00', '0'),
(41, 4, 'Jatiwarno', '2018-04-24 15:19:03', '0000-00-00 00:00:00', '0'),
(42, 4, 'Ngepungsari', '2018-04-24 15:19:03', '0000-00-00 00:00:00', '0'),
(43, 5, 'Beruk', '2018-04-24 15:19:03', '0000-00-00 00:00:00', '0'),
(44, 5, 'Jatisawit', '2018-04-24 15:19:03', '0000-00-00 00:00:00', '0'),
(45, 5, 'Jatiyoso', '2018-04-24 15:19:03', '0000-00-00 00:00:00', '0'),
(46, 5, 'Karangsari', '2018-04-24 15:19:03', '0000-00-00 00:00:00', '0'),
(47, 5, 'Petung', '2018-04-24 15:19:03', '0000-00-00 00:00:00', '0'),
(48, 5, 'Tlobo', '2018-04-24 15:19:03', '0000-00-00 00:00:00', '0'),
(49, 5, 'Wonokeling', '2018-04-24 15:19:03', '0000-00-00 00:00:00', '0'),
(50, 5, 'Wonorejo', '2018-04-24 15:19:03', '0000-00-00 00:00:00', '0'),
(51, 5, 'Wukirsawit', '2018-04-24 15:19:03', '0000-00-00 00:00:00', '0'),
(52, 6, 'Anggrasmanis', '2018-04-24 15:19:03', '0000-00-00 00:00:00', '0'),
(53, 6, 'Balong', '2018-04-24 15:19:03', '0000-00-00 00:00:00', '0'),
(54, 6, 'Gumeng', '2018-04-24 15:19:03', '0000-00-00 00:00:00', '0'),
(55, 6, 'Jenawi', '2018-04-24 15:19:03', '0000-00-00 00:00:00', '0'),
(56, 6, 'Lempong', '2018-04-24 15:19:03', '0000-00-00 00:00:00', '0'),
(57, 6, 'Menjing', '2018-04-24 15:19:03', '0000-00-00 00:00:00', '0'),
(58, 6, 'Seloromo', '2018-04-24 15:19:03', '0000-00-00 00:00:00', '0'),
(59, 6, 'Sidomukti', '2018-04-24 15:19:03', '0000-00-00 00:00:00', '0'),
(60, 6, 'Trenggguli', '2018-04-24 15:19:03', '0000-00-00 00:00:00', '0'),
(61, 7, 'Blorong', '2018-04-24 15:19:03', '0000-00-00 00:00:00', '0'),
(62, 7, 'Gemantar', '2018-04-24 15:19:03', '0000-00-00 00:00:00', '0'),
(63, 7, 'Genengan', '2018-04-24 15:19:03', '0000-00-00 00:00:00', '0'),
(64, 7, 'Kebak', '2018-04-24 15:19:03', '0000-00-00 00:00:00', '0'),
(65, 7, 'Ngunut', '2018-04-24 15:19:03', '0000-00-00 00:00:00', '0'),
(66, 7, 'Sambirejo', '2018-04-24 15:19:03', '0000-00-00 00:00:00', '0'),
(67, 7, 'Sedayu', '2018-04-24 15:19:03', '0000-00-00 00:00:00', '0'),
(68, 7, 'Sringin', '2018-04-24 15:19:03', '0000-00-00 00:00:00', '0'),
(69, 7, 'Sukosari', '2018-04-24 15:19:03', '0000-00-00 00:00:00', '0'),
(70, 7, 'Tugu', '2018-04-24 15:19:03', '0000-00-00 00:00:00', '0'),
(71, 7, 'Tunggulrejo', '2018-04-24 15:19:03', '0000-00-00 00:00:00', '0'),
(72, 8, 'Kadipiro', '2018-04-24 15:19:03', '0000-00-00 00:00:00', '0'),
(73, 8, 'Bakalan', '2018-04-24 15:19:03', '0000-00-00 00:00:00', '0'),
(74, 8, 'Giriwondo', '2018-04-24 15:19:03', '0000-00-00 00:00:00', '0'),
(75, 8, 'Jatirejo', '2018-04-24 15:19:03', '0000-00-00 00:00:00', '0'),
(76, 8, 'Jumantoro', '2018-04-24 15:19:03', '0000-00-00 00:00:00', '0'),
(77, 8, 'Jumapolo', '2018-04-24 15:19:03', '0000-00-00 00:00:00', '0'),
(78, 8, 'Karangbangun', '2018-04-24 15:19:03', '0000-00-00 00:00:00', '0'),
(79, 8, 'Kedawung', '2018-04-24 15:19:03', '0000-00-00 00:00:00', '0'),
(80, 8, 'Kwangsan', '2018-04-24 15:19:03', '0000-00-00 00:00:00', '0'),
(81, 8, 'Lemahbang', '2018-04-24 15:19:03', '0000-00-00 00:00:00', '0'),
(82, 8, 'Paseban', '2018-04-24 15:19:03', '0000-00-00 00:00:00', '0'),
(83, 8, 'Ploso', '2018-04-24 15:19:03', '0000-00-00 00:00:00', '0'),
(84, 9, 'Karanganyar', '2018-04-24 15:19:03', '0000-00-00 00:00:00', '0'),
(85, 9, 'Cangakan', '2018-04-24 15:19:03', '0000-00-00 00:00:00', '0'),
(86, 9, 'Jungke', '2018-04-24 15:19:03', '0000-00-00 00:00:00', '0'),
(87, 9, 'Tegalgede', '2018-04-24 15:19:03', '0000-00-00 00:00:00', '0'),
(88, 9, 'Popongan', '2018-04-24 15:19:03', '0000-00-00 00:00:00', '0'),
(89, 9, 'Bejen', '2018-04-24 15:19:03', '0000-00-00 00:00:00', '0'),
(90, 9, 'Bolong', '2018-04-24 15:19:03', '0000-00-00 00:00:00', '0'),
(91, 9, 'Delingan', '2018-04-24 15:19:03', '0000-00-00 00:00:00', '0'),
(92, 9, 'Gayamdompo', '2018-04-24 15:19:03', '0000-00-00 00:00:00', '0'),
(93, 9, 'Gedong', '2018-04-24 15:19:03', '0000-00-00 00:00:00', '0'),
(94, 9, 'Jantiharjo', '2018-04-24 15:19:03', '0000-00-00 00:00:00', '0'),
(95, 9, 'Lalung', '2018-04-24 15:19:03', '0000-00-00 00:00:00', '0'),
(96, 10, 'Harjosari', '2018-04-24 15:19:03', '0000-00-00 00:00:00', '0'),
(97, 10, 'Bangsri', '2018-04-24 15:19:03', '0000-00-00 00:00:00', '0'),
(98, 10, 'Dayu', '2018-04-24 15:19:03', '0000-00-00 00:00:00', '0'),
(99, 10, 'Doplang', '2018-04-24 15:19:03', '0000-00-00 00:00:00', '0'),
(100, 10, 'Gerdu', '2018-04-24 15:19:03', '0000-00-00 00:00:00', '0'),
(101, 10, 'Gondangmanis', '2018-04-24 15:19:03', '0000-00-00 00:00:00', '0'),
(102, 10, 'Karang', '2018-04-24 15:19:03', '0000-00-00 00:00:00', '0'),
(103, 10, 'Karang Pandan', '2018-04-24 15:19:03', '0000-00-00 00:00:00', '0'),
(104, 10, 'Ngemlak', '2018-04-24 15:19:03', '0000-00-00 00:00:00', '0'),
(105, 10, 'Salam', '2018-04-24 15:19:03', '0000-00-00 00:00:00', '0'),
(106, 10, 'Tohkuning', '2018-04-24 15:19:03', '0000-00-00 00:00:00', '0'),
(107, 11, 'Alastuwo', '2018-04-24 15:19:03', '0000-00-00 00:00:00', '0'),
(108, 11, 'Banjarharjo', '2018-04-24 15:19:03', '0000-00-00 00:00:00', '0'),
(109, 11, 'Kaliwuluh', '2018-04-24 15:19:03', '0000-00-00 00:00:00', '0'),
(110, 11, 'Kebak', '2018-04-24 15:19:03', '0000-00-00 00:00:00', '0'),
(111, 11, 'Kemiri', '2018-04-24 15:19:03', '0000-00-00 00:00:00', '0'),
(112, 11, 'Macanan', '2018-04-24 15:19:03', '0000-00-00 00:00:00', '0'),
(113, 11, 'Malanggaten', '2018-04-24 15:19:03', '0000-00-00 00:00:00', '0'),
(114, 11, 'Nangsri', '2018-04-24 15:19:03', '0000-00-00 00:00:00', '0'),
(115, 11, 'Pulosari', '2018-04-24 15:19:03', '0000-00-00 00:00:00', '0'),
(116, 11, 'Waru', '2018-04-24 15:19:03', '0000-00-00 00:00:00', '0'),
(117, 12, 'Karangrejo', '2018-04-24 15:19:03', '0000-00-00 00:00:00', '0'),
(118, 12, 'Botok', '2018-04-24 15:19:03', '0000-00-00 00:00:00', '0'),
(119, 12, 'Ganten', '2018-04-24 15:19:03', '0000-00-00 00:00:00', '0'),
(120, 12, 'Gempolan', '2018-04-24 15:19:03', '0000-00-00 00:00:00', '0'),
(121, 12, 'Kuto', '2018-04-24 15:19:03', '0000-00-00 00:00:00', '0'),
(122, 12, 'Kwadungan', '2018-04-24 15:19:03', '0000-00-00 00:00:00', '0'),
(123, 12, 'Plosorejo', '2018-04-24 15:19:03', '0000-00-00 00:00:00', '0'),
(124, 12, 'Sumberejo', '2018-04-24 15:19:03', '0000-00-00 00:00:00', '0'),
(125, 12, 'Tamansari', '2018-04-24 15:19:03', '0000-00-00 00:00:00', '0'),
(126, 12, 'Tawangsari', '2018-04-24 15:19:03', '0000-00-00 00:00:00', '0'),
(127, 13, 'Dawung', '2018-04-24 15:19:03', '0000-00-00 00:00:00', '0'),
(128, 13, 'Gantiwarno', '2018-04-24 15:19:03', '0000-00-00 00:00:00', '0'),
(129, 13, 'Girilayu', '2018-04-24 15:19:03', '0000-00-00 00:00:00', '0'),
(130, 13, 'Karangbangun', '2018-04-24 15:19:03', '0000-00-00 00:00:00', '0'),
(131, 13, 'Koripan', '2018-04-24 15:19:03', '0000-00-00 00:00:00', '0'),
(132, 13, 'Matesih', '2018-04-24 15:19:03', '0000-00-00 00:00:00', '0'),
(133, 13, 'Ngadiluwih', '2018-04-24 15:19:03', '0000-00-00 00:00:00', '0'),
(134, 13, 'Pablengan', '2018-04-24 15:19:03', '0000-00-00 00:00:00', '0'),
(135, 13, 'Plosorejo', '2018-04-24 15:19:03', '0000-00-00 00:00:00', '0'),
(136, 14, 'Munggur', '2018-04-24 15:19:03', '0000-00-00 00:00:00', '0'),
(137, 14, 'Buntar', '2018-04-24 15:19:03', '0000-00-00 00:00:00', '0'),
(138, 14, 'Gebyok', '2018-04-24 15:19:03', '0000-00-00 00:00:00', '0'),
(139, 14, 'Gentungan', '2018-04-24 15:19:03', '0000-00-00 00:00:00', '0'),
(140, 14, 'Kaliboto', '2018-04-24 15:19:03', '0000-00-00 00:00:00', '0'),
(141, 14, 'Kedungjeruk', '2018-04-24 15:19:03', '0000-00-00 00:00:00', '0'),
(142, 14, 'Mojogedang', '2018-04-24 15:19:03', '0000-00-00 00:00:00', '0'),
(143, 14, 'Mojoroto', '2018-04-24 15:19:03', '0000-00-00 00:00:00', '0'),
(144, 14, 'Ngadirejo', '2018-04-24 15:19:03', '0000-00-00 00:00:00', '0'),
(145, 14, 'Pendem', '2018-04-24 15:19:03', '0000-00-00 00:00:00', '0'),
(146, 14, 'Pereng', '2018-04-24 15:19:03', '0000-00-00 00:00:00', '0'),
(147, 14, 'Pojok', '2018-04-24 15:19:03', '0000-00-00 00:00:00', '0'),
(148, 14, 'Sewurejo', '2018-04-24 15:19:03', '0000-00-00 00:00:00', '0'),
(149, 15, 'Dukuh', '2018-04-24 15:19:03', '0000-00-00 00:00:00', '0'),
(150, 15, 'Berjo', '2018-04-24 15:19:03', '0000-00-00 00:00:00', '0'),
(151, 15, 'Girimulyo', '2018-04-24 15:19:03', '0000-00-00 00:00:00', '0'),
(152, 15, 'Jatirejo', '2018-04-24 15:19:03', '0000-00-00 00:00:00', '0'),
(153, 15, 'Kemuning', '2018-04-24 15:19:03', '0000-00-00 00:00:00', '0'),
(154, 15, 'Ngargoyoso', '2018-04-24 15:19:03', '0000-00-00 00:00:00', '0'),
(155, 15, 'Nglegok', '2018-04-24 15:19:03', '0000-00-00 00:00:00', '0'),
(156, 15, 'Puntukrejo', '2018-04-24 15:19:03', '0000-00-00 00:00:00', '0'),
(157, 15, 'Segorogunung', '2018-04-24 15:19:03', '0000-00-00 00:00:00', '0'),
(158, 16, 'Ngijo', '2018-04-24 15:19:03', '0000-00-00 00:00:00', '0'),
(159, 16, 'Buran', '2018-04-24 15:19:03', '0000-00-00 00:00:00', '0'),
(160, 16, 'Gaum', '2018-04-24 15:19:03', '0000-00-00 00:00:00', '0'),
(161, 16, 'Kalijirak', '2018-04-24 15:19:03', '0000-00-00 00:00:00', '0'),
(162, 16, 'Kaling', '2018-04-24 15:19:03', '0000-00-00 00:00:00', '0'),
(163, 16, 'Karangmojo', '2018-04-24 15:19:03', '0000-00-00 00:00:00', '0'),
(164, 16, 'Pandeyan', '2018-04-24 15:19:03', '0000-00-00 00:00:00', '0'),
(165, 16, 'Papahan', '2018-04-24 15:19:03', '0000-00-00 00:00:00', '0'),
(166, 16, 'Suruh', '2018-04-24 15:19:03', '0000-00-00 00:00:00', '0'),
(167, 16, 'Wonolopo', '2018-04-24 15:19:03', '0000-00-00 00:00:00', '0'),
(168, 17, 'Bandardawung', '2018-04-24 15:19:03', '0000-00-00 00:00:00', '0'),
(169, 17, 'Blumbang', '2018-04-24 15:19:03', '0000-00-00 00:00:00', '0'),
(170, 17, 'Gondosuli', '2018-04-24 15:19:03', '0000-00-00 00:00:00', '0'),
(171, 17, 'Kalisoro', '2018-04-24 15:19:03', '0000-00-00 00:00:00', '0'),
(172, 17, 'Karanglo', '2018-04-24 15:19:03', '0000-00-00 00:00:00', '0'),
(173, 17, 'Nglebak', '2018-04-24 15:19:03', '0000-00-00 00:00:00', '0'),
(174, 17, 'Plumbon', '2018-04-24 15:19:03', '0000-00-00 00:00:00', '0'),
(175, 17, 'Sepanjang', '2018-04-24 15:19:03', '0000-00-00 00:00:00', '0'),
(176, 17, 'Tawangmangu', '2018-04-24 15:19:03', '0000-00-00 00:00:00', '0'),
(177, 17, 'Tengklik', '2018-04-24 15:19:03', '0000-00-00 00:00:00', '0'),
(178, 1, 'beja', '2018-06-21 15:07:57', '2018-06-23 15:14:30', '1'),
(179, 1, 'b', '2018-06-21 15:08:29', '2018-06-23 15:13:08', '1'),
(180, 10, 'kar', '2018-06-21 20:23:54', '2018-06-23 15:34:41', '1'),
(181, 1, 'hsj', '2018-06-21 20:36:42', '2018-06-23 15:11:50', '1'),
(182, 1, 'sjka', '2018-06-21 20:37:01', '2018-06-23 15:07:22', '1'),
(183, 1, 'Bej', '2018-06-22 14:40:21', '2018-06-23 15:06:18', '1'),
(184, 1, 'Bej', '2018-06-22 14:40:58', '2018-06-23 15:04:53', '1'),
(185, 1, 'kara', '2018-06-22 14:46:05', '2018-06-23 15:04:06', '1'),
(186, 1, 'KR', '2018-06-22 15:06:10', '2018-06-23 15:03:42', '1'),
(187, 1, 'JT', '2018-06-22 15:06:10', '2018-06-23 15:03:05', '1'),
(188, 1, 'dhja', '2018-06-23 22:16:01', '2018-06-23 15:17:09', '1'),
(189, 1, 'whewj', '2018-06-23 22:19:09', '2018-06-23 15:19:15', '1'),
(190, 1, 'eiuei', '2018-06-23 22:19:42', '2018-06-23 15:19:49', '1'),
(191, 1, 'WJH', '2018-06-23 22:24:36', '2018-06-23 15:24:45', '1'),
(192, 1, 'jqd', '2018-06-23 22:36:08', '2018-06-23 15:36:18', '1'),
(193, 1, 'skjskh', '2018-06-23 22:37:17', '2018-06-23 15:37:25', '1'),
(194, 1, 'ushh', '2018-06-23 22:37:59', '2018-07-05 00:45:21', '0'),
(195, 1, 'djkn', '2018-06-23 22:39:06', '2018-07-05 00:45:21', '0'),
(196, 1, 'sjdfgjdssd', '2018-07-03 17:48:49', '2018-07-05 00:45:21', '0'),
(197, 1, 'askasdkf', '2018-07-03 18:00:04', '2018-07-03 11:47:41', '1'),
(198, 1, 'xgdsh', '2018-07-03 18:00:17', '2018-07-03 11:45:46', '1');

-- --------------------------------------------------------

--
-- Table structure for table `detail_syarat`
--

CREATE TABLE `detail_syarat` (
  `id_detail_syarat` int(11) NOT NULL,
  `id_pendaftaranFK` int(11) NOT NULL,
  `id_syaratFK` int(11) NOT NULL,
  `gambar` varchar(255) DEFAULT NULL,
  `status_unggah` enum('Belum Diunggah','Sudah Diunggah','','') NOT NULL,
  `CreateDtm` datetime NOT NULL DEFAULT CURRENT_TIMESTAMP,
  `UpdateDtm` timestamp NOT NULL DEFAULT '0000-00-00 00:00:00' ON UPDATE CURRENT_TIMESTAMP,
  `Deleted` enum('0','1','','') NOT NULL
) ENGINE=InnoDB DEFAULT CHARSET=latin1;

--
-- Dumping data for table `detail_syarat`
--

INSERT INTO `detail_syarat` (`id_detail_syarat`, `id_pendaftaranFK`, `id_syaratFK`, `gambar`, `status_unggah`, `CreateDtm`, `UpdateDtm`, `Deleted`) VALUES
(5, 134, 1, '11.jpg', 'Sudah Diunggah', '2018-06-26 13:31:32', '2018-06-26 07:35:12', '0'),
(6, 134, 3, '21.jpg', 'Sudah Diunggah', '2018-06-26 13:31:33', '2018-06-26 07:35:13', '0'),
(7, 135, 2, 'IMG-20170622-WA0001.jpg', 'Sudah Diunggah', '2018-06-27 07:44:45', '2018-06-27 00:45:42', '0'),
(8, 135, 3, 'IMG-20170622-WA0010.jpg', 'Sudah Diunggah', '2018-06-27 07:44:45', '2018-06-27 00:45:42', '0'),
(9, 136, 2, 'capil22.jpeg', 'Sudah Diunggah', '2018-06-27 13:50:57', '2018-07-02 21:54:05', '0'),
(10, 136, 3, 'capil1.jpeg', 'Sudah Diunggah', '2018-06-27 13:50:57', '2018-07-02 21:54:05', '0'),
(11, 137, 7, NULL, 'Belum Diunggah', '2018-06-27 23:44:10', '0000-00-00 00:00:00', '0'),
(12, 138, 1, 'capil21.jpeg', 'Sudah Diunggah', '2018-06-30 01:52:35', '2018-07-02 21:41:51', '0'),
(13, 139, 1, 'capil3.jpeg', 'Sudah Diunggah', '2018-06-30 01:53:29', '2018-07-03 05:43:06', '0'),
(14, 139, 4, 'capil24.jpeg', 'Sudah Diunggah', '2018-06-30 01:53:29', '2018-07-03 05:43:06', '0'),
(15, 139, 5, 'capil31.jpeg', 'Sudah Diunggah', '2018-06-30 01:53:29', '2018-07-03 05:43:06', '0'),
(16, 140, 1, '23.jpg', 'Sudah Diunggah', '2018-07-02 12:00:01', '2018-07-02 16:03:10', '0'),
(17, 141, 8, 'capil4.jpeg', 'Sudah Diunggah', '2018-07-02 22:29:52', '2018-07-03 07:55:36', '0'),
(18, 141, 9, 'capil26.jpeg', 'Sudah Diunggah', '2018-07-02 22:29:52', '2018-07-03 07:55:37', '0'),
(19, 142, 2, 'capil.jpeg', 'Sudah Diunggah', '2018-07-02 22:52:48', '2018-07-02 16:05:58', '0'),
(20, 142, 3, 'capil2.jpeg', 'Sudah Diunggah', '2018-07-02 22:52:48', '2018-07-02 16:05:58', '0'),
(21, 143, 1, 'capil6.jpeg', 'Sudah Diunggah', '2018-07-03 02:49:08', '2018-07-03 08:12:48', '0'),
(22, 143, 7, 'capil28.jpeg', 'Sudah Diunggah', '2018-07-03 02:49:08', '2018-07-03 08:12:48', '0'),
(23, 144, 4, NULL, 'Belum Diunggah', '2018-07-03 03:01:26', '0000-00-00 00:00:00', '0'),
(24, 144, 6, NULL, 'Belum Diunggah', '2018-07-03 03:01:26', '0000-00-00 00:00:00', '0'),
(25, 144, 8, NULL, 'Belum Diunggah', '2018-07-03 03:01:26', '0000-00-00 00:00:00', '0'),
(26, 144, 9, NULL, 'Belum Diunggah', '2018-07-03 03:01:26', '0000-00-00 00:00:00', '0'),
(27, 145, 8, NULL, 'Belum Diunggah', '2018-07-03 03:07:34', '0000-00-00 00:00:00', '0'),
(28, 145, 9, NULL, 'Belum Diunggah', '2018-07-03 03:07:34', '0000-00-00 00:00:00', '0'),
(29, 146, 8, 'capil7.jpeg', 'Sudah Diunggah', '2018-07-03 03:09:48', '2018-07-03 08:16:43', '0'),
(30, 146, 9, 'capil32.jpeg', 'Sudah Diunggah', '2018-07-03 03:09:48', '2018-07-03 08:16:43', '0'),
(31, 147, 7, 'capil5.jpeg', 'Sudah Diunggah', '2018-07-03 03:15:31', '2018-07-03 08:10:13', '0'),
(32, 147, 8, 'capil27.jpeg', 'Sudah Diunggah', '2018-07-03 03:15:31', '2018-07-03 08:10:13', '0'),
(33, 148, 8, NULL, 'Belum Diunggah', '2018-07-03 03:29:25', '0000-00-00 00:00:00', '0'),
(34, 148, 9, NULL, 'Belum Diunggah', '2018-07-03 03:29:25', '0000-00-00 00:00:00', '0'),
(35, 149, 4, 'capil25.jpeg', 'Sudah Diunggah', '2018-07-03 03:56:48', '2018-07-03 05:54:34', '0'),
(36, 150, 1, 'capil23.jpeg', 'Sudah Diunggah', '2018-07-03 04:59:27', '2018-07-02 22:09:04', '0'),
(37, 151, 1, NULL, 'Belum Diunggah', '2018-07-03 12:21:42', '0000-00-00 00:00:00', '0'),
(38, 151, 4, NULL, 'Belum Diunggah', '2018-07-03 12:21:42', '0000-00-00 00:00:00', '0'),
(39, 151, 5, NULL, 'Belum Diunggah', '2018-07-03 12:21:42', '0000-00-00 00:00:00', '0'),
(40, 152, 4, NULL, 'Belum Diunggah', '2018-07-03 12:47:38', '0000-00-00 00:00:00', '0'),
(41, 152, 5, NULL, 'Belum Diunggah', '2018-07-03 12:47:38', '0000-00-00 00:00:00', '0'),
(42, 153, 1, NULL, 'Belum Diunggah', '2018-07-03 15:18:51', '0000-00-00 00:00:00', '0'),
(43, 154, 4, NULL, 'Belum Diunggah', '2018-07-03 16:21:57', '0000-00-00 00:00:00', '0'),
(44, 155, 4, NULL, 'Belum Diunggah', '2018-07-04 09:54:43', '0000-00-00 00:00:00', '0'),
(45, 155, 5, NULL, 'Belum Diunggah', '2018-07-04 09:54:43', '0000-00-00 00:00:00', '0'),
(46, 156, 2, NULL, 'Belum Diunggah', '2018-07-05 06:44:22', '0000-00-00 00:00:00', '0'),
(47, 156, 3, NULL, 'Belum Diunggah', '2018-07-05 06:44:22', '0000-00-00 00:00:00', '0'),
(48, 157, 1, NULL, 'Belum Diunggah', '2018-07-05 08:10:34', '0000-00-00 00:00:00', '0');

-- --------------------------------------------------------

--
-- Table structure for table `kecamatan`
--

CREATE TABLE `kecamatan` (
  `id_kecamatan` int(11) NOT NULL,
  `nama_kecamatan` varchar(20) NOT NULL,
  `CreateDtm` datetime NOT NULL DEFAULT CURRENT_TIMESTAMP,
  `UpdateDtm` timestamp NOT NULL DEFAULT '0000-00-00 00:00:00' ON UPDATE CURRENT_TIMESTAMP,
  `Deleted` enum('0','1','','') NOT NULL
) ENGINE=InnoDB DEFAULT CHARSET=latin1;

--
-- Dumping data for table `kecamatan`
--

INSERT INTO `kecamatan` (`id_kecamatan`, `nama_kecamatan`, `CreateDtm`, `UpdateDtm`, `Deleted`) VALUES
(1, 'Colomadu', '2018-04-24 15:21:01', '2018-07-04 06:13:14', '0'),
(2, 'Gondangrejo', '2018-04-24 15:21:01', '0000-00-00 00:00:00', '0'),
(3, 'Jaten', '2018-04-24 15:21:01', '0000-00-00 00:00:00', '0'),
(4, 'Jatipuro', '2018-04-24 15:21:01', '0000-00-00 00:00:00', '0'),
(5, 'Jatiyoso', '2018-04-24 15:21:01', '0000-00-00 00:00:00', '0'),
(6, 'Jenawi', '2018-04-24 15:21:01', '0000-00-00 00:00:00', '0'),
(7, 'Jumantono', '2018-04-24 15:21:01', '0000-00-00 00:00:00', '0'),
(8, 'Jumapolo', '2018-04-24 15:21:01', '0000-00-00 00:00:00', '0'),
(9, 'Karanganyar', '2018-04-24 15:21:01', '0000-00-00 00:00:00', '0'),
(10, 'Karangpandan', '2018-04-24 15:21:01', '0000-00-00 00:00:00', '0'),
(11, 'Kebakkramat', '2018-04-24 15:21:01', '0000-00-00 00:00:00', '0'),
(12, 'Kerjo', '2018-04-24 15:21:01', '0000-00-00 00:00:00', '0'),
(13, 'Matesih', '2018-04-24 15:21:01', '0000-00-00 00:00:00', '0'),
(14, 'Mojogedang', '2018-04-24 15:21:01', '0000-00-00 00:00:00', '0'),
(15, 'Ngargoyoso', '2018-04-24 15:21:01', '0000-00-00 00:00:00', '0'),
(16, 'Tasikmadu', '2018-04-24 15:21:01', '0000-00-00 00:00:00', '0'),
(17, 'Tawangmangu', '2018-04-24 15:21:01', '0000-00-00 00:00:00', '0'),
(18, 'kra', '2018-06-21 20:33:35', '0000-00-00 00:00:00', '0'),
(19, 'dmd', '2018-06-21 20:37:12', '0000-00-00 00:00:00', '0');

-- --------------------------------------------------------

--
-- Table structure for table `pendaftaran`
--

CREATE TABLE `pendaftaran` (
  `id_pendaftaran` int(11) NOT NULL,
  `id_desakelurahanFK` int(11) NOT NULL,
  `id_petugasFK` int(11) NOT NULL,
  `id_status_pendafFK` int(11) NOT NULL,
  `nokk` bigint(50) DEFAULT NULL,
  `nik` bigint(50) DEFAULT NULL,
  `nama_kepala_keluarga` varchar(30) DEFAULT NULL,
  `nama_lengkap` varchar(30) DEFAULT NULL,
  `jenis_kelamin` enum('Laki-laki','Perempuan','','') DEFAULT NULL,
  `tempat_lahir` varchar(20) DEFAULT NULL,
  `tanggal_lahir` date DEFAULT NULL,
  `alamat` text NOT NULL,
  `rt` varchar(20) NOT NULL,
  `rw` varchar(20) NOT NULL,
  `data_asal` varchar(30) DEFAULT NULL,
  `data_tujuan` varchar(30) DEFAULT NULL,
  `tgl_buat` date NOT NULL,
  `tgl_jadi` date NOT NULL,
  `CreateDtm` datetime NOT NULL DEFAULT CURRENT_TIMESTAMP,
  `UpdateDtm` timestamp NOT NULL DEFAULT '0000-00-00 00:00:00' ON UPDATE CURRENT_TIMESTAMP,
  `Deleted` enum('0','1','','') NOT NULL
) ENGINE=InnoDB DEFAULT CHARSET=latin1;

--
-- Dumping data for table `pendaftaran`
--

INSERT INTO `pendaftaran` (`id_pendaftaran`, `id_desakelurahanFK`, `id_petugasFK`, `id_status_pendafFK`, `nokk`, `nik`, `nama_kepala_keluarga`, `nama_lengkap`, `jenis_kelamin`, `tempat_lahir`, `tanggal_lahir`, `alamat`, `rt`, `rw`, `data_asal`, `data_tujuan`, `tgl_buat`, `tgl_jadi`, `CreateDtm`, `UpdateDtm`, `Deleted`) VALUES
(1, 1, 1, 1, 78, NULL, 'jh', NULL, NULL, NULL, NULL, 'jh', '9', '9', NULL, NULL, '2018-05-29', '2018-05-29', '2018-05-29 22:29:53', '0000-00-00 00:00:00', '0'),
(2, 158, 1, 1, 767, NULL, 'hj', NULL, NULL, NULL, NULL, 'iu', '8', '9', NULL, NULL, '2018-05-31', '2018-05-31', '2018-05-31 15:38:28', '0000-00-00 00:00:00', '0'),
(3, 158, 1, 1, 767, NULL, 'hj', NULL, NULL, NULL, NULL, 'iu', '8', '9', NULL, NULL, '2018-05-31', '2018-05-31', '2018-05-31 15:40:35', '0000-00-00 00:00:00', '0'),
(4, 158, 1, 1, 767, NULL, 'hj', NULL, NULL, NULL, NULL, 'iu', '8', '9', NULL, NULL, '2018-05-31', '2018-05-31', '2018-05-31 15:42:35', '0000-00-00 00:00:00', '0'),
(5, 1, 1, 1, 983, NULL, 'jkkj', NULL, NULL, NULL, NULL, 'jhj', '6', '6', NULL, NULL, '2018-05-31', '2018-05-31', '2018-05-31 16:28:03', '0000-00-00 00:00:00', '0'),
(6, 1, 1, 1, 7576, NULL, 'jj', NULL, NULL, NULL, NULL, 'uhy', '9', '9', NULL, NULL, '2018-05-31', '2018-05-31', '2018-05-31 16:44:04', '0000-00-00 00:00:00', '0'),
(7, 1, 1, 1, 7576, NULL, 'jj', NULL, NULL, NULL, NULL, 'uhy', '9', '9', NULL, NULL, '2018-05-31', '2018-05-31', '2018-05-31 16:45:49', '0000-00-00 00:00:00', '0'),
(8, 84, 1, 1, 789, NULL, 'jhj', NULL, NULL, NULL, NULL, 'jh', '8', '8', NULL, NULL, '2018-05-31', '2018-05-31', '2018-05-31 16:52:28', '0000-00-00 00:00:00', '0'),
(9, 84, 1, 1, 789, NULL, 'jhj', NULL, NULL, NULL, NULL, 'jh', '8', '8', NULL, NULL, '2018-05-31', '2018-05-31', '2018-05-31 16:58:31', '0000-00-00 00:00:00', '0'),
(10, 84, 1, 1, 789, NULL, 'jhj', NULL, NULL, NULL, NULL, 'jh', '8', '8', NULL, NULL, '2018-05-31', '2018-05-31', '2018-05-31 16:58:55', '0000-00-00 00:00:00', '0'),
(11, 84, 1, 1, 789, NULL, 'jhj', NULL, NULL, NULL, NULL, 'jh', '8', '8', NULL, NULL, '2018-05-31', '2018-05-31', '2018-05-31 17:11:27', '0000-00-00 00:00:00', '0'),
(12, 84, 1, 1, 789, NULL, 'jhj', NULL, NULL, NULL, NULL, 'jh', '8', '8', NULL, NULL, '2018-05-31', '2018-05-31', '2018-05-31 17:14:03', '0000-00-00 00:00:00', '0'),
(13, 84, 1, 1, 789, NULL, 'jhj', NULL, NULL, NULL, NULL, 'jh', '8', '8', NULL, NULL, '2018-05-31', '2018-05-31', '2018-05-31 17:18:11', '0000-00-00 00:00:00', '0'),
(14, 84, 1, 1, 789, NULL, 'jhj', NULL, NULL, NULL, NULL, 'jh', '8', '8', NULL, NULL, '2018-05-31', '2018-05-31', '2018-05-31 17:18:31', '0000-00-00 00:00:00', '0'),
(15, 1, 1, 1, 78, NULL, 'yu', NULL, NULL, NULL, NULL, 'hj', '7', '8', NULL, NULL, '2018-06-01', '2018-06-01', '2018-06-01 16:14:57', '0000-00-00 00:00:00', '0'),
(16, 1, 1, 1, 78, NULL, 'yu', NULL, NULL, NULL, NULL, 'hj', '7', '8', NULL, NULL, '2018-06-01', '2018-06-01', '2018-06-01 16:23:22', '0000-00-00 00:00:00', '0'),
(17, 1, 1, 1, 78, NULL, 'yu', NULL, NULL, NULL, NULL, 'hj', '7', '8', NULL, NULL, '2018-06-01', '2018-06-01', '2018-06-01 16:23:46', '0000-00-00 00:00:00', '0'),
(18, 1, 1, 1, 78, NULL, 'yu', NULL, NULL, NULL, NULL, 'hj', '7', '8', NULL, NULL, '2018-06-01', '2018-06-01', '2018-06-01 16:32:26', '0000-00-00 00:00:00', '0'),
(19, 1, 1, 1, 78, NULL, 'yu', NULL, NULL, NULL, NULL, 'hj', '7', '8', NULL, NULL, '2018-06-01', '2018-06-01', '2018-06-01 16:34:19', '0000-00-00 00:00:00', '0'),
(20, 1, 1, 1, 78, NULL, 'yu', NULL, NULL, NULL, NULL, 'hj', '7', '8', NULL, NULL, '2018-06-01', '2018-06-01', '2018-06-01 16:44:15', '0000-00-00 00:00:00', '0'),
(27, 12, 1, 1, 890, NULL, 'll', NULL, NULL, NULL, NULL, 'ui', '9', '9', NULL, NULL, '2018-06-02', '2018-06-02', '2018-06-02 12:49:42', '0000-00-00 00:00:00', '0'),
(28, 1, 1, 1, 8990, NULL, 'oo', NULL, NULL, NULL, NULL, 'kj', '8', '8', NULL, NULL, '2018-06-02', '2018-06-02', '2018-06-02 13:34:36', '0000-00-00 00:00:00', '0'),
(29, 1, 1, 1, 8990, NULL, 'oo', NULL, NULL, NULL, NULL, 'kj', '8', '8', NULL, NULL, '2018-06-02', '2018-06-02', '2018-06-02 13:37:34', '0000-00-00 00:00:00', '0'),
(30, 1, 1, 1, 8990, NULL, 'oo', NULL, NULL, NULL, NULL, 'kj', '8', '8', NULL, NULL, '2018-06-02', '2018-06-02', '2018-06-02 13:38:10', '0000-00-00 00:00:00', '0'),
(31, 1, 1, 1, 8990, NULL, 'oo', NULL, NULL, NULL, NULL, 'kj', '8', '8', NULL, NULL, '2018-06-02', '2018-06-02', '2018-06-02 13:38:20', '0000-00-00 00:00:00', '0'),
(32, 1, 1, 1, 8990, NULL, 'oo', NULL, NULL, NULL, NULL, 'kj', '8', '8', NULL, NULL, '2018-06-02', '2018-06-02', '2018-06-02 13:38:29', '0000-00-00 00:00:00', '0'),
(33, 1, 1, 1, 8990, NULL, 'oo', NULL, NULL, NULL, NULL, 'kj', '8', '8', NULL, NULL, '2018-06-02', '2018-06-02', '2018-06-02 13:38:41', '0000-00-00 00:00:00', '0'),
(34, 1, 1, 1, 8990, NULL, 'oo', NULL, NULL, NULL, NULL, 'kj', '8', '8', NULL, NULL, '2018-06-02', '2018-06-02', '2018-06-02 13:38:50', '0000-00-00 00:00:00', '0'),
(35, 1, 1, 1, 8990, NULL, 'oo', NULL, NULL, NULL, NULL, 'kj', '8', '8', NULL, NULL, '2018-06-02', '2018-06-02', '2018-06-02 13:39:01', '0000-00-00 00:00:00', '0'),
(36, 1, 1, 1, 8990, NULL, 'oo', NULL, NULL, NULL, NULL, 'kj', '8', '8', NULL, NULL, '2018-06-02', '2018-06-02', '2018-06-02 13:39:02', '0000-00-00 00:00:00', '0'),
(37, 1, 1, 1, 8990, NULL, 'oo', NULL, NULL, NULL, NULL, 'kj', '8', '8', NULL, NULL, '2018-06-02', '2018-06-02', '2018-06-02 13:39:16', '0000-00-00 00:00:00', '0'),
(38, 1, 1, 1, 8990, NULL, 'oo', NULL, NULL, NULL, NULL, 'kj', '8', '8', NULL, NULL, '2018-06-02', '2018-06-02', '2018-06-02 13:39:17', '0000-00-00 00:00:00', '0'),
(39, 1, 1, 1, 8990, NULL, 'oo', NULL, NULL, NULL, NULL, 'kj', '8', '8', NULL, NULL, '2018-06-02', '2018-06-02', '2018-06-02 13:40:13', '0000-00-00 00:00:00', '0'),
(40, 1, 1, 1, 8990, NULL, 'oo', NULL, NULL, NULL, NULL, 'kj', '8', '8', NULL, NULL, '2018-06-02', '2018-06-02', '2018-06-02 13:42:52', '0000-00-00 00:00:00', '0'),
(41, 1, 1, 1, 8990, NULL, 'oo', NULL, NULL, NULL, NULL, 'kj', '8', '8', NULL, NULL, '2018-06-02', '2018-06-02', '2018-06-02 13:43:12', '0000-00-00 00:00:00', '0'),
(42, 1, 1, 1, 8990, NULL, 'oo', NULL, NULL, NULL, NULL, 'kj', '8', '8', NULL, NULL, '2018-06-02', '2018-06-02', '2018-06-02 13:43:43', '0000-00-00 00:00:00', '0'),
(43, 1, 1, 1, 8990, NULL, 'oo', NULL, NULL, NULL, NULL, 'kj', '8', '8', NULL, NULL, '2018-06-02', '2018-06-02', '2018-06-02 13:43:45', '0000-00-00 00:00:00', '0'),
(44, 1, 1, 1, 8990, NULL, 'oo', NULL, NULL, NULL, NULL, 'kj', '8', '8', NULL, NULL, '2018-06-02', '2018-06-02', '2018-06-02 13:44:01', '0000-00-00 00:00:00', '0'),
(45, 12, 1, 1, 76, NULL, 'hj', NULL, NULL, NULL, NULL, 'kj', '9', '9', NULL, NULL, '2018-06-03', '2018-06-03', '2018-06-03 05:56:49', '0000-00-00 00:00:00', '0'),
(47, 1, 4, 2, NULL, 878, NULL, 'kjk', 'Laki-laki', 'kjk', '2003-11-30', 'dk', '9', '9', NULL, NULL, '2018-06-03', '2018-06-03', '2018-06-03 14:43:10', '0000-00-00 00:00:00', '0'),
(48, 1, 4, 2, NULL, 8678, NULL, 'jh', 'Laki-laki', 'jhj', '2018-06-03', 'jhj', '8', '9', NULL, NULL, '2018-06-03', '2018-06-03', '2018-06-03 14:52:33', '0000-00-00 00:00:00', '0'),
(49, 1, 4, 3, NULL, 878, NULL, 'kjk', 'Laki-laki', 'khk', '1990-11-30', 'jhj', '8', '8', 'kj', 'kj', '2018-06-03', '2018-06-03', '2018-06-03 15:14:22', '0000-00-00 00:00:00', '0'),
(51, 1, 4, 1, NULL, 766, 'kjkj', NULL, NULL, NULL, NULL, 'kj', '9', '9', NULL, NULL, '2018-06-03', '2018-06-03', '2018-06-03 15:19:48', '0000-00-00 00:00:00', '0'),
(52, 1, 4, 1, NULL, 766, 'kjkj', NULL, NULL, NULL, NULL, 'kj', '9', '9', NULL, NULL, '2018-06-03', '2018-06-03', '2018-06-03 15:21:46', '0000-00-00 00:00:00', '0'),
(53, 1, 4, 4, NULL, 873, NULL, 'hjh', 'Laki-laki', 'jhj', '1984-07-20', 'jhr', '8', '8', 'mnm', 'kjk', '2018-06-04', '2018-06-04', '2018-06-04 20:04:54', '0000-00-00 00:00:00', '0'),
(54, 1, 4, 4, NULL, 9829, NULL, 'kj', 'Laki-laki', 'jnhj', '1982-12-31', 'jk', '7', '7', 'jh', 'kj', '2018-06-04', '2018-06-04', '2018-06-04 20:19:39', '0000-00-00 00:00:00', '0'),
(55, 1, 4, 4, NULL, 9829, NULL, 'kj', 'Laki-laki', 'jnhj', '1982-12-31', 'jk', '7', '7', 'jh', 'kj', '2018-06-04', '2018-06-04', '2018-06-04 20:20:33', '0000-00-00 00:00:00', '0'),
(56, 1, 4, 4, NULL, 887, NULL, 'jkkk', 'Laki-laki', 'kmk', '1987-05-10', 'kmkm', '3', '2', 'lok', 'k', '2018-06-04', '2018-06-04', '2018-06-04 20:27:48', '0000-00-00 00:00:00', '0'),
(57, 1, 4, 4, NULL, 87, NULL, 'jjh', 'Laki-laki', 'kjk', '1968-12-13', 'kj', '8', '8', 'kjhj', 'hj', '2018-06-04', '2018-06-04', '2018-06-04 20:30:16', '0000-00-00 00:00:00', '0'),
(58, 1, 4, 4, NULL, 87, NULL, 'jjh', 'Laki-laki', 'kjk', '1968-12-13', 'kj', '8', '8', 'kjhj', 'hj', '2018-06-04', '2018-06-04', '2018-06-04 20:31:46', '0000-00-00 00:00:00', '0'),
(59, 1, 4, 1, 889, NULL, 'jk', NULL, NULL, NULL, NULL, 'kjk', '9', '9', NULL, NULL, '2018-06-04', '2018-06-04', '2018-06-04 21:16:39', '0000-00-00 00:00:00', '0'),
(60, 1, 4, 1, NULL, 9989, 'kjj', NULL, NULL, NULL, NULL, 'kj', '9', '9', NULL, NULL, '2018-06-04', '2018-06-04', '2018-06-04 21:18:23', '0000-00-00 00:00:00', '0'),
(61, 1, 4, 2, NULL, 89, NULL, 'jh', 'Laki-laki', 'ij', '1989-07-15', 'kj', '6', '7', NULL, NULL, '2018-06-04', '2018-06-04', '2018-06-04 21:19:04', '2018-06-04 14:25:28', '0'),
(62, 1, 4, 1, 789, NULL, 'hg', NULL, NULL, NULL, NULL, 'hgfd', '8', '8', NULL, NULL, '2018-06-04', '2018-06-04', '2018-06-04 21:33:59', '2018-06-04 14:34:14', '0'),
(63, 1, 4, 1, NULL, 88, 'kj', NULL, NULL, NULL, NULL, 'kwke', '9', '7', NULL, NULL, '2018-06-04', '2018-06-04', '2018-06-04 21:38:30', '2018-06-04 14:38:56', '0'),
(64, 1, 4, 3, NULL, 78923, NULL, 'iuufeuid', 'Laki-laki', 'hj', '1993-05-28', 'hgjsfh', '8', '9', 'h', 'hj', '2018-06-04', '2018-06-04', '2018-06-04 21:42:12', '2018-06-04 14:44:01', '0'),
(65, 1, 4, 4, NULL, 878, NULL, 'ui', 'Laki-laki', 'yiu', '1991-12-17', 'jhj', '8', '7', 'iu', 'igj', '2018-06-04', '2018-06-04', '2018-06-04 21:45:19', '2018-06-04 14:45:30', '0'),
(66, 1, 4, 4, NULL, 878, NULL, 'ui', 'Laki-laki', 'yiu', '1991-12-17', 'jhj', '8', '8', 'iu', 'igj', '2018-06-04', '2018-06-04', '2018-06-04 21:50:46', '0000-00-00 00:00:00', '0'),
(67, 1, 4, 4, NULL, 878, NULL, 'ui', 'Laki-laki', 'yiu', '1991-12-17', 'jhj', '8', '8', 'iu', 'igj', '2018-06-04', '2018-06-04', '2018-06-04 21:52:22', '0000-00-00 00:00:00', '0'),
(68, 3, 4, 4, NULL, 878, NULL, 'uiekrkajs', 'Laki-laki', 'yiu', '1991-12-17', 'jhj', '8', '8', 'iukmekje', 'igjasdrr', '2018-06-04', '2018-06-04', '2018-06-04 21:56:22', '2018-06-04 16:07:25', '0'),
(69, 33, 4, 1, 823, NULL, 'hj', NULL, NULL, NULL, NULL, 'jh', '6', '6', NULL, NULL, '2018-06-05', '2018-06-05', '2018-06-05 06:12:08', '0000-00-00 00:00:00', '0'),
(70, 1, 4, 2, NULL, 345, NULL, 'hgf', 'Laki-laki', 'hbn', '2009-12-31', 'jk', '7', '7', NULL, NULL, '2018-06-07', '2018-12-31', '2018-06-07 22:29:18', '0000-00-00 00:00:00', '0'),
(71, 1, 4, 2, NULL, 892, NULL, 'kjj', 'Laki-laki', 'kjl', '1984-03-06', 'jkk', '1', '4', NULL, NULL, '2018-06-07', '2018-06-07', '2018-06-07 22:50:03', '2018-06-07 15:53:11', '0'),
(72, 1, 4, 1, 878, NULL, 'jk', NULL, NULL, NULL, NULL, 'kj', '6', '4', NULL, NULL, '2018-06-07', '2018-06-07', '2018-06-07 22:54:04', '2018-06-07 15:54:23', '0'),
(73, 6, 4, 1, NULL, 8789, 'jhj', NULL, NULL, NULL, NULL, 'jh', '1', '5', NULL, NULL, '2018-06-07', '2018-06-07', '2018-06-07 22:55:49', '2018-06-07 15:56:09', '0'),
(74, 1, 4, 3, NULL, 6787, NULL, 'iui', 'Laki-laki', 'kjkjl', '2003-12-31', 'iui', '6', '8', 'kj', 'hjh', '2018-06-07', '2018-06-07', '2018-06-07 22:56:52', '2018-06-07 15:59:53', '0'),
(75, 1, 4, 4, NULL, 8789, NULL, 'uyuyi', 'Laki-laki', 'uijkjk', '1990-09-22', 'kjkjlko', '9', '18', 'iukjjho', 'lklklko', '2018-06-07', '2018-06-07', '2018-06-07 23:00:45', '2018-06-07 16:01:08', '0'),
(76, 1, 1, 1, 894, NULL, 'klk', NULL, NULL, NULL, NULL, 'oioi', '7', '7', NULL, NULL, '2018-06-09', '2018-06-09', '2018-06-09 05:07:43', '0000-00-00 00:00:00', '0'),
(77, 43, 1, 1, 8787, NULL, 'kj', NULL, NULL, NULL, NULL, 'jh', '9', '9', NULL, NULL, '2018-06-09', '2018-06-09', '2018-06-09 11:24:46', '0000-00-00 00:00:00', '0'),
(78, 1, 1, 1, 989, NULL, 'kjk', NULL, NULL, NULL, NULL, 'io', '0', '9', NULL, NULL, '2018-06-09', '2018-06-09', '2018-06-09 11:37:05', '0000-00-00 00:00:00', '0'),
(79, 12, 1, 1, 90, NULL, 'lk', NULL, NULL, NULL, NULL, 'lkl', '0', '4', NULL, NULL, '2018-06-09', '2018-06-09', '2018-06-09 11:38:25', '0000-00-00 00:00:00', '0'),
(80, 12, 1, 1, 90, NULL, 'lk', NULL, NULL, NULL, NULL, 'lkl', '0', '4', NULL, NULL, '2018-06-09', '2018-06-09', '2018-06-09 11:39:54', '0000-00-00 00:00:00', '0'),
(81, 12, 1, 1, 90, NULL, 'lk', NULL, NULL, NULL, NULL, 'lkl', '0', '4', NULL, NULL, '2018-06-09', '2018-06-09', '2018-06-09 11:41:08', '0000-00-00 00:00:00', '0'),
(82, 1, 1, 1, 9, NULL, 'lk', NULL, NULL, NULL, NULL, 'lk', '9', '98', NULL, NULL, '2018-06-09', '2018-06-09', '2018-06-09 11:41:30', '0000-00-00 00:00:00', '0'),
(83, 1, 1, 1, 98989, NULL, 'kjkj', NULL, NULL, NULL, NULL, 'jk', '9', '9', NULL, NULL, '2018-06-09', '2018-06-09', '2018-06-09 15:54:05', '0000-00-00 00:00:00', '0'),
(84, 1, 1, 1, 87, NULL, 'jh', NULL, NULL, NULL, NULL, 'jh', '9', '9', NULL, NULL, '2018-06-09', '2018-06-16', '2018-06-09 23:02:18', '0000-00-00 00:00:00', '0'),
(85, 1, 1, 1, 445, NULL, 'okl', NULL, NULL, NULL, NULL, 'lk', '9', '9', NULL, NULL, '2018-06-10', '2018-06-10', '2018-06-10 06:16:44', '0000-00-00 00:00:00', '0'),
(86, 2, 1, 1, 877, NULL, 'hjjh', NULL, NULL, NULL, NULL, 'jhj', '9', '8', NULL, NULL, '2018-06-10', '2018-06-10', '2018-06-10 09:57:13', '2018-06-10 03:14:41', '0'),
(87, 1, 1, 1, 8687, NULL, 'jhj', NULL, NULL, NULL, NULL, 'uyu', '9', '9', NULL, NULL, '2018-06-10', '2018-06-10', '2018-06-10 11:17:16', '0000-00-00 00:00:00', '0'),
(88, 1, 1, 1, 878, NULL, 'uy', NULL, NULL, NULL, NULL, 'uy', '8', '8', NULL, NULL, '2018-06-10', '2018-06-10', '2018-06-10 21:11:17', '0000-00-00 00:00:00', '0'),
(89, 1, 1, 1, 89, NULL, 'jhjh', NULL, NULL, NULL, NULL, 'uiui', '8', '8', NULL, NULL, '2018-06-10', '2018-06-10', '2018-06-10 22:49:16', '0000-00-00 00:00:00', '0'),
(90, 1, 1, 1, 8777, NULL, 'gdf', NULL, NULL, NULL, NULL, 'gjghj', '5', '3', NULL, NULL, '2018-06-11', '2018-06-11', '2018-06-11 11:10:49', '0000-00-00 00:00:00', '0'),
(91, 1, 1, 1, 8777, NULL, 'gdf', NULL, NULL, NULL, NULL, 'gjghj', '5', '3', NULL, NULL, '2018-06-11', '2018-06-11', '2018-06-11 11:12:22', '0000-00-00 00:00:00', '0'),
(92, 1, 4, 2, NULL, 8989, NULL, 'jkk', 'Laki-laki', 'jhj', '2018-06-11', 'ijkkjk', '1', '13', NULL, NULL, '2018-06-11', '2018-06-11', '2018-06-11 23:36:27', '2018-06-11 16:46:40', '0'),
(93, 1, 4, 2, NULL, 989, NULL, 'kjk', 'Laki-laki', 'kjk', '2018-12-31', 'kjk', '4', '5', NULL, NULL, '2018-06-11', '2018-06-11', '2018-06-11 23:54:29', '2018-06-11 17:00:12', '0'),
(94, 52, 4, 1, 89, NULL, 'klk', NULL, NULL, NULL, NULL, 'klk', '3', '7', NULL, NULL, '2018-06-11', '2018-06-12', '2018-06-12 00:16:22', '2018-06-11 17:22:40', '0'),
(95, 2, 4, 3, NULL, 89, NULL, 'jhui', 'Laki-laki', 'iui', '2013-11-30', 'kkj', '3', '1', 'njhjh', 'jhj', '2018-06-11', '2018-06-12', '2018-06-12 00:36:02', '2018-06-11 17:36:12', '0'),
(96, 1, 4, 1, 879, NULL, 'jkui', NULL, NULL, NULL, NULL, 'lio', '9', '9', NULL, NULL, '2018-06-12', '2018-06-13', '2018-06-13 04:56:06', '0000-00-00 00:00:00', '0'),
(97, 1, 4, 1, 879, NULL, 'jkui', NULL, NULL, NULL, NULL, 'lio', '9', '9', NULL, NULL, '2018-06-13', '2018-06-13', '2018-06-13 05:06:20', '0000-00-00 00:00:00', '0'),
(98, 1, 4, 1, 767, NULL, 'iuyu', NULL, NULL, NULL, NULL, 'uuyu', '8', '8', NULL, NULL, '2018-06-13', '2018-06-13', '2018-06-13 11:11:28', '0000-00-00 00:00:00', '0'),
(99, 1, 4, 1, 8989, NULL, 'jhu', NULL, NULL, NULL, NULL, 'jhjjyu', '4', '2', NULL, NULL, '2018-06-13', '2018-06-13', '2018-06-13 11:46:08', '2018-06-13 04:49:14', '0'),
(100, 9, 4, 2, NULL, 7687, NULL, 'uyiuijhh', 'Laki-laki', 'fgfgf', '2018-06-13', 'kjkjlk', '2', '1', NULL, NULL, '2018-06-13', '2018-06-13', '2018-06-13 12:05:34', '2018-06-13 06:27:19', '0'),
(101, 1, 4, 1, 87, NULL, 'uyuy', NULL, NULL, NULL, NULL, 'jhjhj', '8', '6', NULL, NULL, '2018-06-13', '2018-06-13', '2018-06-13 12:10:14', '2018-06-13 05:49:28', '0'),
(102, 34, 4, 1, 87, NULL, 'uyuy', NULL, NULL, NULL, NULL, 'jhjhj', '7', '4', NULL, NULL, '2018-06-13', '2018-06-13', '2018-06-13 12:57:33', '2018-06-13 06:18:39', '0'),
(103, 1, 4, 3, NULL, 6776, NULL, 'hghg', 'Laki-laki', 'hkw', '2018-12-31', 'uuu', '2', '1', 'jhh', 'jh', '2018-06-13', '2018-06-13', '2018-06-13 13:36:46', '2018-06-13 07:00:50', '0'),
(104, 1, 4, 1, 989, NULL, 'kjku', NULL, NULL, NULL, NULL, 'iu', '8', '8', NULL, NULL, '2018-06-14', '2018-06-14', '2018-06-14 06:24:11', '0000-00-00 00:00:00', '0'),
(105, 1, 3, 3, NULL, 78887878, NULL, 'njjhj', 'Laki-laki', 'khj', '1986-12-23', 'kjkjk', '8', '8', 'jhjhj', 'kjh', '2018-06-14', '2018-06-14', '2018-06-14 09:26:14', '0000-00-00 00:00:00', '0'),
(106, 52, 3, 3, NULL, 6868, NULL, 'uuy', 'Laki-laki', 'jhj', '2018-12-17', 'jkjk', '9', '8', 'mjh', 'kjkj', '2018-06-14', '2018-06-14', '2018-06-14 18:47:35', '2018-06-14 12:01:14', '0'),
(107, 1, 3, 3, NULL, 78787, NULL, 'jhjh', 'Laki-laki', 'kjk', '2011-10-30', 'hjhj', '8', '8', 'hjhk', 'hjh', '2018-06-14', '2018-06-14', '2018-06-14 19:01:48', '0000-00-00 00:00:00', '0'),
(108, 1, 3, 3, NULL, 78787, NULL, 'jhjh', 'Laki-laki', 'kjk', '2011-10-30', 'hjhj', '8', '8', 'hjhk', 'hjh', '2018-06-14', '2018-06-14', '2018-06-14 19:02:36', '0000-00-00 00:00:00', '0'),
(109, 1, 3, 3, NULL, 7878, NULL, 'kjk', 'Laki-laki', 'kjhjh', '1998-12-31', 'jhj', '8', '8', 'kjhjhj', 'njhjj', '2018-06-14', '2018-06-14', '2018-06-14 19:04:58', '0000-00-00 00:00:00', '0'),
(110, 1, 3, 3, NULL, 7676, NULL, 'tyty', 'Laki-laki', 'nhhg', '1988-12-31', 'hgh', '7', '7', 'hgjgj', 'hkkj', '2018-06-14', '2018-06-14', '2018-06-14 19:07:00', '0000-00-00 00:00:00', '0'),
(111, 1, 3, 3, NULL, 65656, NULL, 'hghgjg', 'Laki-laki', 'hgjg', '1995-12-30', 'jhjhj', '9', '9', 'jhjh', 'jhj', '2018-06-14', '2018-06-14', '2018-06-14 19:07:43', '0000-00-00 00:00:00', '0'),
(112, 1, 3, 3, NULL, 878, NULL, 'jhjh', 'Laki-laki', 'jjhjh', '1989-12-23', 'jkh', '7', '7', 'ijiui', 'ijkj', '2018-06-14', '2018-06-14', '2018-06-14 19:12:17', '0000-00-00 00:00:00', '0'),
(113, 1, 3, 3, NULL, 8989, NULL, 'hui', 'Laki-laki', 'jhj', '2007-11-22', 'kjkh', '7', '7', 'jkh', 'hj', '2018-06-14', '2018-06-14', '2018-06-14 19:15:27', '0000-00-00 00:00:00', '0'),
(114, 1, 3, 3, NULL, 886, NULL, 'uu', 'Laki-laki', 'jhjhj', '1987-12-20', 'hjhj', '8', '8', 'jhjh', 'h', '2018-06-14', '2018-06-14', '2018-06-14 19:20:21', '0000-00-00 00:00:00', '0'),
(115, 1, 3, 3, NULL, 899, NULL, 'uii', 'Laki-laki', 'hjhj', '1982-06-20', 'jkh', '7', '7', 'hjh', 'hjhj', '2018-06-14', '2018-06-14', '2018-06-14 19:26:43', '0000-00-00 00:00:00', '0'),
(116, 1, 3, 3, NULL, 8788, NULL, 'kjkh', 'Laki-laki', 'mnmn', '1993-12-31', 'kjkj', '9', '9', 'kjk', 'kjkj', '2018-06-14', '2018-06-14', '2018-06-14 19:37:24', '0000-00-00 00:00:00', '0'),
(117, 1, 3, 3, NULL, 878, NULL, 'kkj', 'Laki-laki', 'nbj', '2012-12-31', 'hjhj', '9', '9', 'kjk', 'kk', '2018-06-14', '2018-06-14', '2018-06-14 19:44:24', '0000-00-00 00:00:00', '0'),
(118, 1, 4, 3, NULL, 9283, NULL, 'kjkjd', 'Laki-laki', 'nkjk', '1992-12-31', 'kkd', '9', '9', 'dj', 'ij', '2018-06-14', '2018-06-14', '2018-06-14 20:39:00', '0000-00-00 00:00:00', '0'),
(119, 1, 4, 1, 8787, NULL, 'jhj', NULL, NULL, NULL, NULL, 'jhj', '9', '9', NULL, NULL, '2018-06-14', '2018-06-14', '2018-06-14 20:50:36', '0000-00-00 00:00:00', '0'),
(120, 2, 4, 1, 9938, NULL, 'oiod', NULL, NULL, NULL, NULL, 'uidsi', '9', '2', NULL, NULL, '2018-06-14', '2018-06-14', '2018-06-14 21:49:43', '0000-00-00 00:00:00', '0'),
(121, 96, 4, 1, 9938, NULL, 'oiod', NULL, NULL, NULL, NULL, 'uidsi', '9', '2', NULL, NULL, '2018-06-14', '2018-06-14', '2018-06-14 21:51:01', '0000-00-00 00:00:00', '0'),
(122, 1, 4, 1, 0, 923, 'jkj', NULL, NULL, NULL, NULL, 'hjj', '87', '8', NULL, NULL, '2018-06-14', '2018-06-14', '2018-06-14 21:54:01', '2018-06-14 15:01:55', '0'),
(123, 108, 4, 1, 87988, 0, 'hjh', NULL, NULL, NULL, NULL, 'hjh', '4', '4', NULL, NULL, '2018-06-14', '2018-06-14', '2018-06-14 23:19:49', '0000-00-00 00:00:00', '0'),
(124, 15, 4, 2, NULL, 72873, NULL, 'jkjd', 'Laki-laki', 'hjsfj', '2006-12-31', 'sdhj', '8', '8', NULL, NULL, '2018-06-14', '2018-06-14', '2018-06-14 23:20:35', '0000-00-00 00:00:00', '0'),
(125, 1, 4, 2, NULL, 93928, NULL, 'jhjsh', 'Laki-laki', 'njx', '1979-12-31', 'kjd', '8', '8', NULL, NULL, '2018-06-14', '2018-06-14', '2018-06-14 23:42:43', '0000-00-00 00:00:00', '0'),
(126, 1, 4, 2, NULL, 93928, NULL, 'jhjsh', 'Laki-laki', 'njx', '1979-12-31', 'kjtd', '10', '1', NULL, NULL, '2018-06-14', '2018-06-14', '2018-06-14 23:45:22', '2018-06-14 17:09:08', '0'),
(127, 98, 4, 3, NULL, 389, NULL, 'kjsd', 'Laki-laki', 'kds', '1978-06-15', 'jf', '9', '9', 'fdm', 'mns', '2018-06-14', '2018-06-15', '2018-06-15 00:19:24', '2018-06-14 17:19:33', '0'),
(128, 1, 4, 2, NULL, 283, NULL, 'kdk', 'Laki-laki', 'dnk', '1982-12-31', 'kdk', '8', '8', NULL, NULL, '2018-06-14', '2018-06-15', '2018-06-15 00:38:09', '0000-00-00 00:00:00', '0'),
(129, 89, 4, 1, 387329, 0, 'jhsdj', NULL, NULL, NULL, NULL, 'hdsjhd', '8', '8', NULL, NULL, '2018-06-21', '2018-06-21', '2018-06-21 23:55:29', '2018-06-21 17:07:57', '0'),
(130, 2, 4, 1, 0, 878, 'jhjh', NULL, NULL, NULL, NULL, 'hkjj', '8', '8', NULL, NULL, '2018-06-21', '2018-06-22', '2018-06-22 00:08:57', '2018-06-21 17:09:09', '0'),
(131, 89, 4, 2, NULL, 8738278, NULL, 'hdjhj', 'Laki-laki', 'Karanganyar', '2018-06-19', 'Karanganyar', '3', '3', NULL, NULL, '2018-06-21', '2018-06-22', '2018-06-22 00:16:15', '2018-06-21 17:17:09', '0'),
(132, 1, 4, 1, 8738718, 0, 'shdkh', NULL, NULL, NULL, NULL, 'dhhahjc', '8', '8', NULL, NULL, '2018-06-23', '2018-06-23', '2018-06-23 20:43:36', '0000-00-00 00:00:00', '0'),
(133, 1, 4, 3, NULL, 348989, NULL, 'jhejh', 'Laki-laki', 'kj', '1990-06-19', 'jje', '9', '5', 'jwj', 'smnfd', '2018-06-23', '2018-06-23', '2018-06-23 22:52:36', '2018-06-23 15:52:47', '0'),
(134, 29, 4, 1, 999, 999, 'S', NULL, NULL, NULL, NULL, 'SK', '1', '2', NULL, NULL, '2018-06-26', '2018-11-27', '2018-06-26 13:31:32', '0000-00-00 00:00:00', '0'),
(135, 1, 4, 1, 3783, 0, 'jhsjhf', NULL, NULL, NULL, NULL, 'ksjadk', '8', '8', NULL, NULL, '2018-06-27', '2018-06-27', '2018-06-27 07:44:45', '0000-00-00 00:00:00', '0'),
(136, 1, 1, 1, 38748, 0, 'sjh', NULL, NULL, NULL, NULL, 'hcjd', '8', '8', NULL, NULL, '2018-06-27', '2018-06-27', '2018-06-27 13:50:57', '0000-00-00 00:00:00', '0'),
(137, 1, 4, 3, NULL, 7382, NULL, 'susu', 'Laki-laki', 'shj', '1989-12-31', 'jdhj', '9', '9', 'jdskdj', 'kkdk', '2018-06-27', '2018-06-27', '2018-06-27 23:44:10', '0000-00-00 00:00:00', '0'),
(138, 1, 4, 1, 98319, 0, 'whdjh', NULL, NULL, NULL, NULL, 'jhjxhjhx', '9', '9', NULL, NULL, '2018-06-29', '2018-06-30', '2018-06-30 01:52:35', '2018-07-02 11:40:24', '0'),
(139, 1, 4, 2, NULL, 87348, NULL, 'ididu', 'Laki-laki', 'sjh', '2018-06-28', 'jahdhu', '8', '8', NULL, NULL, '2018-06-29', '2018-06-30', '2018-06-30 01:53:28', '2018-07-02 11:35:44', '0'),
(140, 1, 4, 1, 8748, 0, 'bjbssnmnv', NULL, NULL, NULL, NULL, 'mfnbn', '9', '9', NULL, NULL, '2018-07-02', '2018-07-02', '2018-07-02 12:00:01', '2018-07-02 11:40:24', '0'),
(141, 87, 4, 4, NULL, 343, NULL, 'dsfb', 'Laki-laki', 'ndc', '1990-12-31', 'mnvd', '8', '8', 'ffds', 'sdffd', '2018-07-02', '2018-07-02', '2018-07-02 22:29:52', '0000-00-00 00:00:00', '0'),
(142, 163, 4, 1, 0, 2163, 'wwhd', NULL, NULL, NULL, NULL, 'udi', '8', '8', NULL, NULL, '2018-07-02', '2018-07-02', '2018-07-02 22:52:47', '0000-00-00 00:00:00', '0'),
(143, 121, 4, 3, NULL, 88371, NULL, 'jsdf', 'Laki-laki', 'jfk', '1988-12-31', 'kdfjk', '7', '8', 'kjkz', 'kjfkjg', '2018-07-02', '2018-07-03', '2018-07-03 02:49:08', '2018-07-02 19:49:50', '0'),
(144, 144, 4, 3, NULL, 92374, NULL, 'fjk', 'Laki-laki', 'sdnfj', '2000-12-31', 'kdfgj', '1', '9', 'ejrh', 'nfd n', '2018-07-02', '2018-07-03', '2018-07-03 03:01:26', '0000-00-00 00:00:00', '0'),
(145, 99, 4, 3, NULL, 8327, NULL, 'uewi', 'Laki-laki', 'eijgd', '1992-12-31', 'ghg', '8', '8', 'gdkjf', 'kdfkh', '2018-07-02', '2018-07-03', '2018-07-03 03:07:34', '0000-00-00 00:00:00', '0'),
(146, 108, 4, 3, NULL, 39, NULL, 'jskdfj', 'Laki-laki', 'wiodsj', '2011-12-31', 'djg', '9', '9', 'fsjnnv', 'dskjf', '2018-07-02', '2018-07-03', '2018-07-03 03:09:48', '2018-07-02 20:11:08', '0'),
(147, 35, 4, 4, NULL, 84787, NULL, 'hjfh', 'Laki-laki', 'djfhg', '1990-12-31', 'sjgksjf', '1', '2', 'jsghj', 'ksgjk', '2018-07-02', '2018-07-03', '2018-07-03 03:15:31', '2018-07-02 20:27:40', '0'),
(148, 63, 4, 4, NULL, 938, NULL, 'jkla', 'Laki-laki', 'sfklk', '1989-12-31', 'sdfn', '9', '9', 'snfd', 'kwj', '2018-07-02', '2018-07-03', '2018-07-03 03:29:25', '0000-00-00 00:00:00', '0'),
(149, 127, 4, 2, NULL, 9328, NULL, 'kads', 'Laki-laki', 'k2', '2017-12-31', 'kdjf', '3', '4', NULL, NULL, '2018-07-02', '2018-07-03', '2018-07-03 03:56:48', '2018-07-02 21:03:34', '0'),
(150, 46, 1, 1, 87, 0, 'jdkj', NULL, NULL, NULL, NULL, 'eduw', '7', '9', NULL, NULL, '2018-07-02', '2018-07-03', '2018-07-03 04:59:27', '0000-00-00 00:00:00', '0'),
(151, 35, 2, 2, NULL, 2934, NULL, 'kjdhk', 'Perempuan', 'kdsk', '2018-07-01', 'cnsd', '8', '8', NULL, NULL, '2018-07-03', '2018-07-03', '2018-07-03 12:21:42', '0000-00-00 00:00:00', '0'),
(152, 85, 2, 2, NULL, 874834, NULL, 'jsjhjgy', 'Perempuan', 'uhjk', '2018-07-02', 'jsdhmd', '1', '5', NULL, NULL, '2018-07-03', '2018-07-03', '2018-07-03 12:47:38', '2018-07-03 05:47:52', '0'),
(153, 25, 3, 3, NULL, 827, NULL, 'jskahf', 'Laki-laki', 'jfshaf', '1990-07-03', 'jfhjs', '3', '8', 'kafsf', 'kkj', '2018-07-03', '2018-07-03', '2018-07-03 15:18:51', '2018-07-03 08:19:02', '0'),
(154, 26, 4, 2, NULL, 48734, NULL, 'kjsfd', 'Perempuan', 'ksdfjf', '1989-12-25', 'dfsnm', '8', '8', NULL, NULL, '2018-07-03', '2018-07-03', '2018-07-03 16:21:57', '0000-00-00 00:00:00', '0'),
(155, 1, 4, 2, NULL, 43735, NULL, 'jdjsk', 'Laki-laki', 'ksjvk', '2003-12-31', 'sjdfk', '8', '8', NULL, NULL, '2018-07-04', '2018-07-04', '2018-07-04 09:54:43', '0000-00-00 00:00:00', '0'),
(156, 124, 1, 1, 3129381, 0, 'Rakha', NULL, NULL, NULL, NULL, 'Sambirejo', '1', '1', NULL, NULL, '2018-07-05', '2018-07-05', '2018-07-05 06:44:22', '0000-00-00 00:00:00', '0'),
(157, 2, 3, 3, NULL, 58586, NULL, 'hfgh', 'Laki-laki', 'hghgjhg', '1976-12-30', 'jgkjg', '8', '8', 'mkhjg', 'hgj', '2018-07-05', '2018-07-05', '2018-07-05 08:10:33', '2018-07-05 01:11:51', '0');

-- --------------------------------------------------------

--
-- Table structure for table `petugas`
--

CREATE TABLE `petugas` (
  `id_petugas` int(11) NOT NULL,
  `id_user_roleFK` int(11) NOT NULL,
  `nama_petugas` varchar(30) NOT NULL,
  `alamat_petugas` text NOT NULL,
  `no_hp_petugas` varchar(15) NOT NULL,
  `username` varchar(20) NOT NULL,
  `password` varchar(255) NOT NULL,
  `CreateDtm` datetime NOT NULL DEFAULT CURRENT_TIMESTAMP,
  `UpdateDtm` timestamp NOT NULL DEFAULT '0000-00-00 00:00:00' ON UPDATE CURRENT_TIMESTAMP,
  `Deleted` enum('0','1','','') NOT NULL
) ENGINE=InnoDB DEFAULT CHARSET=latin1;

--
-- Dumping data for table `petugas`
--

INSERT INTO `petugas` (`id_petugas`, `id_user_roleFK`, `nama_petugas`, `alamat_petugas`, `no_hp_petugas`, `username`, `password`, `CreateDtm`, `UpdateDtm`, `Deleted`) VALUES
(1, 1, 'Petugas KK', 'Karanganyar', '089876564562', 'petugaskk', 'afb91ef692fd08c445e8cb1bab2ccf9c', '2018-05-18 12:17:15', '2018-06-11 15:35:25', '0'),
(2, 2, 'Petugas Akte', 'Karanganyar', '087318739276', 'petugasakte', '63f15bdf93a1d467614d2f8c89cba096', '2018-05-18 12:17:15', '2018-05-18 05:17:56', '0'),
(3, 3, 'Petugas Pindah', 'Karanganyar', '087318739290', 'petugaspindah', '1c70bb8c4f22a19b8ca960ffcb2d9b3a', '2018-05-18 12:19:07', '2018-05-21 07:48:38', '0'),
(4, 4, 'Admin', 'Karanganyar', '089286397208', 'admin', '21232f297a57a5a743894a0e4a801fc3', '2018-05-18 12:19:07', '2018-06-23 14:22:42', '0'),
(5, 1, 'qyiqwy', 'hdsjhd', '9898198917', 'petugas', 'afb91ef692fd08c445e8cb1bab2ccf9c', '2018-06-23 21:16:52', '2018-06-23 14:22:01', '1'),
(6, 1, 'wqiuqwi', 'iuwii', '087318739170', 'petugas1', 'afb91ef692fd08c445e8cb1bab2ccf9c', '2018-06-23 21:18:17', '2018-06-23 14:21:54', '1'),
(7, 1, 'ywdqjhj', 'uhdjqh', '812787871978', 'petugas', 'afb91ef692fd08c445e8cb1bab2ccf9c', '2018-06-23 21:29:15', '2018-07-05 00:07:57', '0'),
(8, 1, 'petu', 'jdjhajh', '28102104840', 'petugasaaa', 'afb91ef692fd08c445e8cb1bab2ccf9c', '2018-06-28 01:18:04', '2018-07-03 11:47:03', '1'),
(9, 2, 'kafjal', 'kchakmsa', '899289372318', 'pppppp', 'b53fe7751b37e40ff34d012c7774d65f', '2018-07-03 18:51:18', '2018-07-03 11:51:57', '1');

-- --------------------------------------------------------

--
-- Table structure for table `status_pendaftaran`
--

CREATE TABLE `status_pendaftaran` (
  `id_status_pendaftaran` int(11) NOT NULL,
  `nama_status_pendaftaran` varchar(20) NOT NULL,
  `CreateDtm` datetime NOT NULL DEFAULT CURRENT_TIMESTAMP,
  `UpdateDtm` timestamp NOT NULL DEFAULT '0000-00-00 00:00:00' ON UPDATE CURRENT_TIMESTAMP,
  `Deleted` enum('0','1','','') NOT NULL
) ENGINE=InnoDB DEFAULT CHARSET=latin1;

--
-- Dumping data for table `status_pendaftaran`
--

INSERT INTO `status_pendaftaran` (`id_status_pendaftaran`, `nama_status_pendaftaran`, `CreateDtm`, `UpdateDtm`, `Deleted`) VALUES
(1, 'Kartu Keluarga', '2018-05-29 22:33:05', '0000-00-00 00:00:00', '0'),
(2, 'Akte', '2018-05-29 22:33:05', '0000-00-00 00:00:00', '0'),
(3, 'Pindah', '2018-05-29 22:33:05', '0000-00-00 00:00:00', '0'),
(4, 'Pindah Datang', '2018-05-29 22:33:05', '0000-00-00 00:00:00', '0');

-- --------------------------------------------------------

--
-- Table structure for table `syarat`
--

CREATE TABLE `syarat` (
  `id_syarat` int(11) NOT NULL,
  `judul_syarat` varchar(30) NOT NULL,
  `CreateDtm` datetime NOT NULL DEFAULT CURRENT_TIMESTAMP,
  `UpdateDtm` timestamp NOT NULL DEFAULT '0000-00-00 00:00:00' ON UPDATE CURRENT_TIMESTAMP,
  `Deleted` enum('0','1','','') NOT NULL
) ENGINE=InnoDB DEFAULT CHARSET=latin1;

--
-- Dumping data for table `syarat`
--

INSERT INTO `syarat` (`id_syarat`, `judul_syarat`, `CreateDtm`, `UpdateDtm`, `Deleted`) VALUES
(1, 'Fotocopy KK', '2018-05-29 22:33:58', '0000-00-00 00:00:00', '0'),
(2, 'Fotocopy Surat Nikah', '2018-05-29 22:33:58', '0000-00-00 00:00:00', '0'),
(3, 'Fotocopy KTP Saksi', '2018-05-29 22:33:58', '0000-00-00 00:00:00', '0'),
(4, 'Fotocopy KTP Orang Tua', '2018-05-29 22:33:58', '0000-00-00 00:00:00', '0'),
(5, 'Surat Kelahiran Dokter', '2018-05-29 22:33:58', '0000-00-00 00:00:00', '0'),
(6, 'Surat Persetujuan Orang Tua', '2018-05-29 22:33:58', '2018-06-29 18:36:24', '0'),
(7, 'Surat Persetujuan Istri', '2018-06-03 14:54:01', '2018-06-29 18:36:44', '0'),
(8, 'Fotocopy KK Asal', '2018-06-04 20:17:14', '2018-06-29 18:37:07', '0'),
(9, 'Surat Pindah Daerah Asal', '2018-06-04 20:17:17', '2018-06-29 18:38:00', '0'),
(10, 'kk', '2018-06-23 19:59:49', '2018-06-23 14:47:25', '1'),
(11, 'akafj', '2018-07-05 07:51:40', '0000-00-00 00:00:00', '0');

-- --------------------------------------------------------

--
-- Table structure for table `user_role`
--

CREATE TABLE `user_role` (
  `id_user_role` int(11) NOT NULL,
  `peran` varchar(30) NOT NULL,
  `hapus` enum('y','n','','') NOT NULL,
  `CreateDtm` datetime NOT NULL DEFAULT CURRENT_TIMESTAMP,
  `UpdateDtm` timestamp NOT NULL DEFAULT '0000-00-00 00:00:00' ON UPDATE CURRENT_TIMESTAMP,
  `Deleted` enum('0','1','','') NOT NULL
) ENGINE=InnoDB DEFAULT CHARSET=latin1;

--
-- Dumping data for table `user_role`
--

INSERT INTO `user_role` (`id_user_role`, `peran`, `hapus`, `CreateDtm`, `UpdateDtm`, `Deleted`) VALUES
(1, 'PetugasKK', 'y', '2018-05-18 12:15:15', '2018-07-02 11:39:04', '0'),
(2, 'PetugasAkte', 'y', '2018-05-18 12:15:15', '2018-07-02 11:39:04', '0'),
(3, 'PetugasPindah', 'y', '2018-05-18 12:15:34', '2018-07-02 11:39:04', '0'),
(4, 'Admin', 'n', '2018-05-18 12:15:34', '2018-07-02 11:39:04', '0');

--
-- Indexes for dumped tables
--

--
-- Indexes for table `desakelurahan`
--
ALTER TABLE `desakelurahan`
  ADD PRIMARY KEY (`id_desakelurahan`),
  ADD KEY `id_kecamatanFK` (`id_kecamatanFK`);

--
-- Indexes for table `detail_syarat`
--
ALTER TABLE `detail_syarat`
  ADD PRIMARY KEY (`id_detail_syarat`),
  ADD KEY `id_pendaftaranFK` (`id_pendaftaranFK`),
  ADD KEY `id_dokumenFK` (`id_syaratFK`);

--
-- Indexes for table `kecamatan`
--
ALTER TABLE `kecamatan`
  ADD PRIMARY KEY (`id_kecamatan`);

--
-- Indexes for table `pendaftaran`
--
ALTER TABLE `pendaftaran`
  ADD PRIMARY KEY (`id_pendaftaran`),
  ADD KEY `id_desakelurahanFK` (`id_desakelurahanFK`),
  ADD KEY `id_petugasFK` (`id_petugasFK`),
  ADD KEY `id_status_pendafFK` (`id_status_pendafFK`);

--
-- Indexes for table `petugas`
--
ALTER TABLE `petugas`
  ADD PRIMARY KEY (`id_petugas`),
  ADD KEY `id_user_roleFK` (`id_user_roleFK`);

--
-- Indexes for table `status_pendaftaran`
--
ALTER TABLE `status_pendaftaran`
  ADD PRIMARY KEY (`id_status_pendaftaran`);

--
-- Indexes for table `syarat`
--
ALTER TABLE `syarat`
  ADD PRIMARY KEY (`id_syarat`);

--
-- Indexes for table `user_role`
--
ALTER TABLE `user_role`
  ADD PRIMARY KEY (`id_user_role`);

--
-- AUTO_INCREMENT for dumped tables
--

--
-- AUTO_INCREMENT for table `desakelurahan`
--
ALTER TABLE `desakelurahan`
  MODIFY `id_desakelurahan` int(11) NOT NULL AUTO_INCREMENT, AUTO_INCREMENT=199;
--
-- AUTO_INCREMENT for table `detail_syarat`
--
ALTER TABLE `detail_syarat`
  MODIFY `id_detail_syarat` int(11) NOT NULL AUTO_INCREMENT, AUTO_INCREMENT=49;
--
-- AUTO_INCREMENT for table `kecamatan`
--
ALTER TABLE `kecamatan`
  MODIFY `id_kecamatan` int(11) NOT NULL AUTO_INCREMENT, AUTO_INCREMENT=20;
--
-- AUTO_INCREMENT for table `pendaftaran`
--
ALTER TABLE `pendaftaran`
  MODIFY `id_pendaftaran` int(11) NOT NULL AUTO_INCREMENT, AUTO_INCREMENT=158;
--
-- AUTO_INCREMENT for table `petugas`
--
ALTER TABLE `petugas`
  MODIFY `id_petugas` int(11) NOT NULL AUTO_INCREMENT, AUTO_INCREMENT=10;
--
-- AUTO_INCREMENT for table `status_pendaftaran`
--
ALTER TABLE `status_pendaftaran`
  MODIFY `id_status_pendaftaran` int(11) NOT NULL AUTO_INCREMENT, AUTO_INCREMENT=5;
--
-- AUTO_INCREMENT for table `syarat`
--
ALTER TABLE `syarat`
  MODIFY `id_syarat` int(11) NOT NULL AUTO_INCREMENT, AUTO_INCREMENT=12;
--
-- AUTO_INCREMENT for table `user_role`
--
ALTER TABLE `user_role`
  MODIFY `id_user_role` int(11) NOT NULL AUTO_INCREMENT, AUTO_INCREMENT=5;
--
-- Constraints for dumped tables
--

--
-- Constraints for table `desakelurahan`
--
ALTER TABLE `desakelurahan`
  ADD CONSTRAINT `desakelurahan_ibfk_1` FOREIGN KEY (`id_kecamatanFK`) REFERENCES `kecamatan` (`id_kecamatan`) ON DELETE CASCADE ON UPDATE CASCADE;

--
-- Constraints for table `detail_syarat`
--
ALTER TABLE `detail_syarat`
  ADD CONSTRAINT `detail_syarat_ibfk_3` FOREIGN KEY (`id_syaratFK`) REFERENCES `syarat` (`id_syarat`),
  ADD CONSTRAINT `detail_syarat_ibfk_4` FOREIGN KEY (`id_pendaftaranFK`) REFERENCES `pendaftaran` (`id_pendaftaran`);

--
-- Constraints for table `pendaftaran`
--
ALTER TABLE `pendaftaran`
  ADD CONSTRAINT `pendaftaran_ibfk_1` FOREIGN KEY (`id_desakelurahanFK`) REFERENCES `desakelurahan` (`id_desakelurahan`) ON DELETE CASCADE ON UPDATE CASCADE,
  ADD CONSTRAINT `pendaftaran_ibfk_2` FOREIGN KEY (`id_petugasFK`) REFERENCES `petugas` (`id_petugas`) ON DELETE CASCADE ON UPDATE CASCADE,
  ADD CONSTRAINT `pendaftaran_ibfk_3` FOREIGN KEY (`id_status_pendafFK`) REFERENCES `status_pendaftaran` (`id_status_pendaftaran`) ON DELETE CASCADE ON UPDATE CASCADE;

--
-- Constraints for table `petugas`
--
ALTER TABLE `petugas`
  ADD CONSTRAINT `petugas_ibfk_1` FOREIGN KEY (`id_user_roleFK`) REFERENCES `user_role` (`id_user_role`) ON DELETE CASCADE ON UPDATE CASCADE;

/*!40101 SET CHARACTER_SET_CLIENT=@OLD_CHARACTER_SET_CLIENT */;
/*!40101 SET CHARACTER_SET_RESULTS=@OLD_CHARACTER_SET_RESULTS */;
/*!40101 SET COLLATION_CONNECTION=@OLD_COLLATION_CONNECTION */;
